0: {'dictionary_item_removed': {"root['name']": 'De La Salle University Manila', "root['image_name']": 'De La Salle University Seal.svg', "root['religious_affiliation']": 'Roman Catholic , (Christian Brothers)', "root['academic_affiliations']": ['AUN', 'ACUCA', 'ASEACCU', 'ASAIHL', 'IALU', 'IAU', 'IFCU', 'PATE', 'SMIIC', '', '', '', '', 'UBCHEA', 'UNCOFIN'], "root['endowment']": '₱286 million (US$6.52 million)', "root['chairman']": 'Mr. Nestor V. Tan', "root['president']": 'oreword"/> | chairman = Mr. Nestor V. Tan | chancellor = Br. Bernard S. Oca, ', "root['academic_staff']": '1,129 ', "root['undergrad']": '20,000 ', "root['postgrad']": '3,949 ', "root['campus']": 'Urban, ', "root['athletics']": 'Varsity team names:, Green Archers, ', "root['sports']": "''See list''", "root['mascots']": 'Gordo, Flaco and Sally'}}
15: {'values_changed': {"root['academic_staff']": {'new_value': '1,129 ', 'old_value': '1,285 '}, "root['undergrad']": {'new_value': '20,000 ', 'old_value': '11,527 '}, "root['postgrad']": {'new_value': '3,949 ', 'old_value': '5,177 '}, "root['campus']": {'new_value': 'Urban, ', 'old_value': "'''Main Campus:''' Urban, "}}}
118: {'dictionary_item_added': {"root['president']": 'oreword"/> | chairman = Mr. Nestor V. Tan | chancellor = Br. Bernard S. Oca, '}, 'dictionary_item_removed': {"root['chancellor']": 'Br. Bernard S. Oca, ', "root['head']": 'Br. Raymundo B. Suplido, '}}
250: {'values_changed': {"root['name']": {'new_value': 'De La Salle University Manila', 'old_value': 'De La Salle University'}, "root['campus']": {'new_value': "'''Main Campus:''' Urban, ", 'old_value': "'''Manila Campus:''' Urban, "}}}
255: {'values_changed': {"root['campus']": {'new_value': "'''Manila Campus:''' Urban, ", 'old_value': "'''Manila:''' Urban, "}}}
268: {'values_changed': {"root['undergrad']": {'new_value': '11,527 ', 'old_value': '11,527'}, "root['postgrad']": {'new_value': '5,177 ', 'old_value': '5,177'}}}
272: {'dictionary_item_removed': {"root['students']": '16,704'}}
333: {'values_changed': {"root['chairman']": {'new_value': 'Mr. Nestor V. Tan', 'old_value': 'Nestor V. Tan'}}}
338: {'values_changed': {"root['religious_affiliation']": {'new_value': 'Roman Catholic , (Christian Brothers)', 'old_value': 'Roman Catholic ,  (Christian Brothers)'}}}
409: {'dictionary_item_removed': {"root['location']": 'Taft Avenue, Manila, Metro Manila, Philippines , Manila Campus Biñan, Laguna, Metro Manila, Philippines , Laguna Campus RCBC Plaza, Makati, Metro Manila, Philippines , Makati Extension Bonifacio Global City, Taguig, Metro Manila, Philippines , Rufino Campus'}}
411: {'dictionary_item_added': {"root['athletics']": 'Varsity team names:, Green Archers, '}, 'values_changed': {"root['location']": {'new_value': 'Taft Avenue, Manila, Metro Manila, Philippines , Manila Campus Biñan, Laguna, Metro Manila, Philippines , Laguna Campus RCBC Plaza, Makati, Metro Manila, Philippines , Makati Extension Bonifacio Global City, Taguig, Metro Manila, Philippines , Rufino Campus', 'old_value': 'Taft Avenue, Manila, Metro Manila, Philippines , Manila Campus Biñan, Laguna, Philippines , Laguna Campus RCBC Plaza, Makati, Metro Manila, Philippines , Makati Extension Bonifacio Global City, Taguig, Metro Manila, Philippines , Rufino Campus'}}}
412: {'values_changed': {"root['location']": {'new_value': 'Taft Avenue, Manila, Metro Manila, Philippines , Manila Campus Biñan, Laguna, Philippines , Laguna Campus RCBC Plaza, Makati, Metro Manila, Philippines , Makati Extension Bonifacio Global City, Taguig, Metro Manila, Philippines , Rufino Campus', 'old_value': 'Taft Avenue, Manila, Metro Manila, Philippines , Manila Campus Biñan, Laguna, Philippines , Laguna Campus RCBC Plaza, Makati, Metro Manila, Philippines , Makati Extension Campus Bonifacio Global City, Taguig, Metro Manila, Philippines , Rufino Campus'}}}
413: {'values_changed': {"root['location']": {'new_value': 'Taft Avenue, Manila, Metro Manila, Philippines , Manila Campus Biñan, Laguna, Philippines , Laguna Campus RCBC Plaza, Makati, Metro Manila, Philippines , Makati Extension Campus Bonifacio Global City, Taguig, Metro Manila, Philippines , Rufino Campus', 'old_value': 'Taft Avenue, Manila, Metro Manila, Philippines , Manila Campus Biñan, Laguna, Calabarzon, Philippines , Laguna Campus RCBC Plaza, Makati, Metro Manila, Philippines , Makati Extension Campus Bonifacio Global City, Taguig, Metro Manila, Philippines , Rufino Campus'}}}
508: {'values_changed': {"root['location']": {'new_value': 'Taft Avenue, Manila, Metro Manila, Philippines , Manila Campus Biñan, Laguna, Calabarzon, Philippines , Laguna Campus RCBC Plaza, Makati, Metro Manila, Philippines , Makati Extension Campus Bonifacio Global City, Taguig, Metro Manila, Philippines , Rufino Campus', 'old_value': 'Taft Avenue, Manila, Metro Manila, Philippines , Manila Campus Biñan, Laguna, Calabarzon, Philippines , Laguna Campus RCBC Plaza, Makati, Metro Manila, Philippines , Makati Extension Campus Bonifacio Global City, Taguig, Metro Manila, Philippines , Makati Rufino Campus'}}}
513: {'values_changed': {"root['location']": {'new_value': 'Taft Avenue, Manila, Metro Manila, Philippines , Manila Campus Biñan, Laguna, Calabarzon, Philippines , Laguna Campus RCBC Plaza, Makati, Metro Manila, Philippines , Makati Extension Campus Bonifacio Global City, Taguig, Metro Manila, Philippines , Makati Rufino Campus', 'old_value': 'Taft Avenue, Manila, Metro Manila, Philippines , Manila Campus Biñan, Laguna, Calabarzon, Philippines , Laguna Campus RCBC Plaza, Makati, Metro Manila, Philippines , Makati Extension Campus Bonifacio Global City, Taguig, Metro Manila, Philippines , Rufino Campus'}}}
956: {'dictionary_item_added': {"root['endowment']": '₱286 million (US$6.52 million)', "root['chancellor']": 'Br. Bernard S. Oca, ', "root['location']": 'Taft Avenue, Manila, Metro Manila, Philippines , Manila Campus Biñan, Laguna, Calabarzon, Philippines , Laguna Campus RCBC Plaza, Makati, Metro Manila, Philippines , Makati Extension Campus Bonifacio Global City, Taguig, Metro Manila, Philippines , Rufino Campus', "root['campus']": "'''Manila:''' Urban, "}, 'values_changed': {"root['head']": {'new_value': 'Br. Raymundo B. Suplido, ', 'old_value': 'Br. Bernard S. Oca, '}}}
993: {'dictionary_item_added': {"root['image_name']": 'De La Salle University Seal.svg', "root['sports']": "''See list''"}, 'values_changed': {"root['religious_affiliation']": {'new_value': 'Roman Catholic ,  (Christian Brothers)', 'old_value': 'Roman Catholic   (Christian Brothers)'}}}
999: {'dictionary_item_removed': {"root['administrative_staff']": 'jose'}}
1025: {'dictionary_item_added': {"root['academic_affiliations']": ['AUN', 'ACUCA', 'ASEACCU', 'ASAIHL', 'IALU', 'IAU', 'IFCU', 'PATE', 'SMIIC', '', '', '', '', 'UBCHEA', 'UNCOFIN'], "root['administrative_staff']": 'jose'}, 'dictionary_item_removed': {"root['location']": "'''Main Campus:''',  2401 Taft Avenue, Manila, Metro Manila, Philippines", "root['campus']": "'''Main:''',  '''Manila:''' Urban, 2401 Taft Avenue, Manila, Metro Manila, Philippines, "}, 'values_changed': {"root['mascots']": {'new_value': 'Gordo, Flaco and Sally', 'old_value': 'Archers named,  Gordo, Flaco and Sally'}}}
1048: {'values_changed': {"root['academic_staff']": {'new_value': '1,285 ', 'old_value': '1,500 '}, "root['students']": {'new_value': '16,704', 'old_value': '23,110'}, "root['undergrad']": {'new_value': '11,527', 'old_value': '18,821'}, "root['postgrad']": {'new_value': '5,177', 'old_value': '4,289'}}}
